{"cameraMode":{"drawMode":0,"name":"Shaded","section":"Shading Mode"},"sceneLighting":false,"audioPlay":false,"sceneViewState":{"showFog":true,"showMaterialUpdate":false,"showSkybox":false,"showFlares":true,"showImageEffects":true,"showParticleSystems":true},"in2DMode":false,"pivot":{"x":0.11716866493225098,"y":-0.049749135971069339,"z":0.0},"rotation":{"x":0.36152011156082156,"y":-0.015228756703436375,"z":0.006307681556791067,"w":0.9323855042457581},"size":15.232921600341797,"orthographic":true}