{"cameraMode":{"drawMode":0,"name":"Shaded","section":"Shading Mode"},"sceneLighting":false,"audioPlay":false,"sceneViewState":{"showFog":true,"showMaterialUpdate":false,"showSkybox":false,"showFlares":true,"showImageEffects":true,"showParticleSystems":true},"in2DMode":false,"pivot":{"x":5.349999904632568,"y":14.520647048950196,"z":-7.631138801574707},"rotation":{"x":0.6302274465560913,"y":0.04883280768990517,"z":-0.03975072130560875,"w":0.7739540934562683},"size":7.000357151031494,"orthographic":true}