{"cameraMode":{"drawMode":0,"name":"Shaded","section":"Shading Mode"},"sceneLighting":false,"audioPlay":false,"sceneViewState":{"showFog":true,"showMaterialUpdate":false,"showSkybox":false,"showFlares":true,"showImageEffects":true,"showParticleSystems":true},"in2DMode":false,"pivot":{"x":5.180000305175781,"y":16.56999969482422,"z":-22.989999771118165},"rotation":{"x":0.16698946058750153,"y":0.4314512610435486,"z":-0.08154521882534027,"w":0.8829441070556641},"size":55.70869445800781,"orthographic":true}