{"cameraMode":{"drawMode":0,"name":"Shaded","section":"Shading Mode"},"sceneLighting":false,"audioPlay":false,"sceneViewState":{"showFog":true,"showMaterialUpdate":false,"showSkybox":false,"showFlares":true,"showImageEffects":true,"showParticleSystems":true},"in2DMode":false,"pivot":{"x":-0.142578125,"y":4.42645263671875,"z":-0.26025390625},"rotation":{"x":0.0874318927526474,"y":0.7255814075469971,"z":-0.09356942027807236,"w":0.6763039827346802},"size":3.328334331512451,"orthographic":true}